ticker,name,last_close_date,ret_1w_pct,ret_1m_pct,notes
500G,Amundi S&P 500 Swap UCITS ETF,2026-09-30,-0.2,1.53,
500P,Franklin S&P 500 Paris Aligned Climate UCITS ETF,2026-09-30,-0.25,1.35,
5ESG,UBS S&P 500 Scored & Screened UCITS ETF,2026-09-30,0.78,-1.2,
ACWI,SS SPDR MSCI All Country World UCITS ETF,2026-09-30,-0.59,0.79,
AEMD,Amundi Core MSCI Emerging Markets UCITS ETF,2026-09-30,-1.73,1.09,
AGBP,iShares Core Global Aggregate Bond UCITS ETF,2026-09-30,-0.56,-2.03,
AGES,iShares Ageing Population UCITS ETF,2026-09-30,-1.37,-3.92,
AIAG,L&G Artificial Intelligence UCITS ETF,2026-09-30,0.57,7.61,
AINF,iShares AI Infrastructure UCITS ETF,2026-09-30,0.34,8.21,
ALAG,Amundi Msci EM Latin America UCITS ETF,2026-09-30,-2.62,2.91,
ALLG,Xtrackers FTSE All-World UCITS ETF,2026-09-30,-0.44,0.98,
AMAP,Saturna Al-Kawthar Global Focused Equity UCITS ETF,2026-09-30,0.12,1.17,
ANRJ,Amundi Global Hydrogen UCITS ETF,2026-09-30,-1.17,-1.45,low volume (median 59/day)
AQWG,Global X Clean Water UCITS ETF,2026-09-30,-1.49,-3.07,
ARAW,abrdn Future Raw Materials UCITS ETF,2026-09-30,-4.72,-12.51,
ARCG,ARK Genomic Revolution UCITS ETF,2026-09-30,7.75,14.78,
ARCI,ARK Artificial Intelligence & Robotics UCITS ETF,2026-09-30,-2.6,4.92,
ARCK,ARK Innovation UCITS ETF,2026-09-30,-0.24,7.58,
ARMG,GLOBAL X DEFENCE TECH UCITS ETF,2026-09-30,-3.85,-7.46,
ASCH,abrdn Future Supply Chains UCITS ETF,2026-09-30,-1.35,-2.25,
AUAD,UBS MSCI Australia UCITS ETF,2026-09-30,-0.18,-3.41,
AUCP,L&G Gold Mining UCITS ETF,2026-09-30,-5.17,-11.57,
AUEG,Amundi MSCI Emerging Markets Swap UCITS ETF,2026-09-30,-1.82,1.16,
AVCG,Avantis Global Equity UCITS ETF,2026-09-30,-0.65,0.02,
AVEG,Avantis Emerging Markets Equity UCITS ETF,2026-09-30,-1.15,1.08,
AVSG,Avantis Global Small Cap Value UCITS ETF,2026-09-30,-1.82,-2.67,
AWSG,UBS MSCI ACWI Socially Responsible UCITS ETF,2026-09-30,-0.29,-1.01,
B26G,Invesco BulletShares 2026 USD Corporate Bond UCITS ETF,2026-09-30,,,insufficient history for 1W; insufficient history for 1M; low volume (median 1/day)
B27G,Invesco BulletShares 2027 USD Corporate Bond UCITS ETF,2026-09-30,,,insufficient history for 1W; insufficient history for 1M; low volume (median 3/day)
B28G,Invesco BulletShares 2028 USD Corporate Bond UCITS ETF,2026-09-30,0.05,-1.63,low volume (median 1/day)
B29G,Invesco BulletShares 2029 USD Corporate Bond UCITS ETF,2026-09-30,-0.1,-2.26,low volume (median 0/day); possible pence/pound unit error (~100x daily jump)
B30G,Invesco BulletShares 2030 USD Corporate Bond UCITS ETF,2026-09-30,-0.44,-2.87,
BATG,L&G Battery Value-Chain UCITS ETF,2026-09-30,-3.11,-7.12,
BBGE,JPMorgan BetaBuilders EUR Govt Bond UCITS ETF,2026-09-30,-0.92,-2.5,low volume (median 0/day)
BCHS,Invesco CoinShares Global Blockchain UCITS ETF,2026-09-30,-7.34,0.24,
BCOG,L&G All Commodities UCITS ETF,2026-09-30,-1.49,4.09,
BIGT,L&G Pharma Breakthrough UCITS ETF,2026-09-30,0.53,-3.08,
BKCG,Global X Blockchain UCITS ETF,2026-09-30,-11.19,3.55,
BKCN,Wisdomtree Blockchain UCITS ETF,2026-09-30,-9.01,-0.63,
BLKC,iShares Blockchain Technology UCITS ETF,2026-09-30,-9.9,2.78,
BNKE,Amundi Euro Stoxx Banks UCITS ETF,2026-09-30,-1.35,-1.41,
BOTG,Global X Robotics & Artificial Intelligence UCITS ETF,2026-09-30,0.32,-0.02,
BRIC,iShares BIC 50 UCITS ETF,2026-09-30,-1.32,-2.21,
BRIK,Rize Global Sustainable Infrastructure UCITS ETF,2026-09-30,-1.08,-0.04,
BSUS,UBS BBG MSCI US Liquid Corp Sustainable UCITS ETF,2026-09-30,-1.16,-2.94,
BTEK,iShares Nasdaq US Biotechnology UCITS ETF,2026-09-30,1.75,2.18,
BUGG,Global X Cybersecurity UCITS ETF,2026-09-30,-1.09,9.37,
CACX,Amundi CAC 40 UCITS ETF,2026-09-30,-2.22,-4.97,
CB5,Amundi Stoxx Europe 600 Banks UCITS ETF,2026-09-30,-1.15,-1.13,
CBSE,UBS BBG MSCI Euro Area Liquid Corp Sustainable UCITS ETF,2026-09-28,-1.06,-1.95,low volume (median 1/day)
CE2D,Amundi Core MSCI Europe UCITS ETF,2026-09-30,-1.26,-3.11,
CE31,iShares EUR Govt Bond 1-3yr UCITS ETF EUR Acc,2026-09-30,-0.26,-0.38,
CEA1,iShares MSCI EM Asia UCITS ETF,2026-09-30,-1.83,1.39,
CEG2,Amundi Core MSCI Europe UCITS ETF,2026-09-30,-1.27,-3.1,
CES1,iShares MSCI EMU Small Cap UCITS ETF,2026-09-30,-1.84,-4.06,low volume (median 85/day)
CEU1,iShares Core MSCI EMU UCITS ETF,2026-09-30,-0.79,-2.73,
CEUG,iShares Core MSCI EMU UCITS ETF,2026-09-30,-0.37,-2.67,
CEUR,Amundi MSCI Europe ESG Broad Transition ETF,2026-09-30,-1.23,-3.08,
CG1,Amundi ETF DAX UCITS ETF DR,2026-09-30,-1.29,-5.2,
CH5,Amundi Stoxx Europe 600 Healthcare UCITS ETF,2026-09-30,-1.46,-3.79,
CHIP,KraneShares ICBCUBS S&P China 500 UCITS ETF,2026-09-30,-3.38,-4.02,
CHNX,Invesco ChiNext 50 UCITS ETF,2026-09-30,-6.81,-6.24,
CHRG,WisdomTree Battery Solutions UCITS ETF,2026-09-30,-2.66,-4.27,
CIRC,Rize Circular Economy Enablers UCITS ETF,2026-09-30,-2.61,-6.26,low volume (median 40/day)
CLIM,Amundi Global Aggregate Green Bond UCITS ETF,2026-09-30,-0.97,-2.27,
CLMP,Guinness Sustainable Energy UCITS ETF,2026-09-30,-1.51,-1.73,
CLMT,Amundi S&P 500 Climate Paris Aligned UCITS ETF,2026-09-30,-0.14,0.76,low volume (median 13/day)
CLO6,Global X Cloud Computing UCITS ETF,2026-09-30,-1.71,0.16,
CMB1,iShares FTSE MIB UCITS ETF EUR Acc,2026-09-30,-1.6,-2.53,
CMFP,L&G Longer Dated All Commodities UCITS ETF,2026-09-30,-1.09,2.83,
CMOP,Invesco Bloomberg Commodity UCITS ETF,2026-09-30,-1.66,4.01,
CMU,Amundi MSCI EMU ESG Selection - UCITS ETF DR,2026-09-30,-0.79,-2.86,low volume (median 82/day)
CMX1,iShares MSCI Mexico Capped UCITS ETF,2026-09-30,-2.89,-4.38,
CNKY,iShares Nikkei 225 UCITS ETF,2026-09-30,3.03,5.96,
CNX1,iShares NASDAQ 100 UCITS ETF,2026-09-30,0.25,5.2,
CO2P,SparkChange Physical Carbon EUA ETC,2026-09-30,-1.45,2.82,low volume (median 98/day)
COMG,Amundi Bloomberg Equal-weight Commodity ex-Agriculture UCITS ETF,2026-09-30,-2.57,2.87,
COMM,iShares Diversified Commodity Swap UCITS ETF,2026-09-30,-1.47,3.92,
COMX,Wisdomtree Broad Commodities UCITS ETF,2026-09-30,-1.49,3.99,
COPG,Global X Copper Miners UCITS ETF,2026-09-30,-2.85,-9.75,
COPP,Sprott Pure Play Copper Miners UCITS ETF,2026-09-30,-2.26,-6.89,
CPJ1,iShares Core MSCI Pacific ex-Japan UCITS ETF,2026-09-30,-0.13,-2.31,
CRHG,iShares Global Corp Bond UCITS ETF,2026-09-30,-0.87,-4.53,
CRPS,iShares Global Corp Bond UCITS ETF,2026-09-30,-1.05,-3.23,
CRPX,Amundi EUR Corporate Bond Climate Paris Aligned UCITS ETF,2026-09-30,-0.43,-1.5,low volume (median 15/day)
CS1,AMUNDI IBEX 35 UCITS ETF,2026-09-30,-1.42,-3.08,
CS51,iShares Core EURO STOXX 50 UCITS ETF,2026-09-30,-0.68,-3.24,
CSCA,iShares MSCI Canada UCITS ETF,2026-09-30,-2.37,-3.14,
CSH2,Amundi Smart Overnight Return,2026-09-30,0.09,0.36,
CSJP,iShares MSCI Japan UCITS ETF,2026-09-30,0.48,3.7,
CSP1,iShares Core S&P 500 UCITS ETF,2026-09-30,-0.2,1.59,
CSUK,iShares MSCI UK UCITS ETF,2026-09-30,-1.1,-1.91,
CT2B,iShares Smart City Infrastructure UCITS ETF,2026-09-30,-1.38,-1.28,
CTCE,iShares MSCI China Tech UCITS ETF,2026-09-30,-4.13,-4.96,
CU1,iShares MSCI USA UCITS ETF,2026-09-30,-0.22,1.51,
CU71,iShares USD Treasury Bond 3-7yr UCITS ETF,2026-09-30,-0.47,-0.05,
CUKS,iShares MSCI UK Small Cap UCITS ETF,2026-09-30,0.49,-2.91,
CUKX,iShares Core FTSE 100 UCITS ETF GBP Acc,2026-09-30,-0.93,-2.15,
CUS1,iShares MSCI USA Small Cap CTB Enhanced ESG UCITS ETF,2026-09-30,-1.72,-3.34,
CXAP,UBS CMCI ex-Agriculture SF UCITS ETF,2026-09-28,0.45,10321.78,low volume (median 0/day); possible pence/pound unit error (~100x daily jump)
CYBP,Rize Cybersecurity & Data Privacy UCITS ETF,2026-09-30,-0.69,6.59,
CYSE,WisdomTree Cybersecurity UCITS ETF,2026-09-30,0.1,12.27,
DAGB,VanEck Crypto and Blockchain Innovators UCITS ETF,2026-09-30,-11.17,-0.68,
DAXX,Amundi DAX II UCITS ETF,2026-09-30,-1.31,-5.23,
DEM,WisdomTree Emerging Markets High Dividend UCITS ETF,2026-09-30,-0.67,3.36,
DEMS,WisdomTree Emerging Markets High Dividend UCITS ETF,2026-09-30,-0.8,3.37,
DFE,WisdomTree Europe SmallCap Dividend UCITS ETF,2026-09-30,-0.54,-1.03,low volume (median 49/day)
DFEP,WisdomTree Europe SmallCap Dividend UCITS ETF,2026-09-30,-1.22,-1.83,low volume (median 31/day)
DFND,iShares Global Aerospace & Defence UCITS ETF,2026-09-30,-3.15,-7.33,
DFNG,VanEck Defense UCITS ETF,2026-09-30,-2.98,-5.77,
DFNX,Invesco Defence Innovation UCITS ETF,2026-09-30,-2.88,-4.7,
DGIT,iShares Digitalisation UCITS ETF,2026-09-30,-0.67,-2.07,
DGRB,WisdomTree US Quality Dividend Growth UCITS ETF,2026-09-30,-0.28,-2.39,low volume (median 4/day)
DGRG,WisdomTree US Quality Dividend Growth UCITS ETF,2026-09-30,-0.29,-0.2,
DGRP,WisdomTree US Quality Dividend Growth UCITS ETF,2026-09-30,-0.29,-0.2,
DGSE,WisdomTree Emerging Markets SmallCap Dividend UCITS ETF,2026-09-30,-0.7,0.2,
DHS,WisdomTree US High Dividend UCITS ETF,2026-09-30,-1.33,-3.43,
DHSG,WisdomTree US High Dividend UCITS ETF,2026-09-28,-1.75,-5.08,low volume (median 2/day)
DHSP,WisdomTree US High Dividend UCITS ETF,2026-09-30,-1.36,-3.34,
DHYG,iShares USD High Yield Corp Bond ESG SRI UCITS ETF,2026-09-30,-1.42,-2.74,
DJMC,iShares EURO STOXX Mid UCITS ETF,2026-09-30,-1.62,-3.46,
DJSC,iShares EURO STOXX Small UCITS ETF,2026-09-30,-1.0,-4.32,
DOCG,L&G Healthcare Technology & Innovation UCITS ETF,2026-09-30,3.04,6.38,
DPAG,L&G Digital Payments UCITS ETF,2026-09-30,-1.95,-7.19,low volume (median 8/day)
DPGC,Global Core Equity UCITS ETF,2026-09-30,-0.82,-0.59,
DPGT,Global Targeted Value UCITS ETF,2026-09-30,-1.89,-3.57,
DPYG,iShares Developed Markets Property Yield UCITS ETF,2026-09-30,-1.65,-6.39,
DRDR,iShares Healthcare Innovation UCITS ETF,2026-09-30,1.79,4.27,
DRGG,L&G China CNY Bond UCITS ETF,2026-09-28,0.68,2.84,low volume (median 1/day)
DRVG,Global X Autonomous & Electric Vehicles UCITS ETF,2026-09-30,-2.03,-2.66,low volume (median 95/day)
DTEC,Amundi Global Memory Chips UCITS ETF,2026-09-30,-1.43,12.53,
DXJG,WisdomTree Japan Equity UCITS ETF,2026-09-30,1.18,4.0,
DXJP,WisdomTree Japan Equity UCITS ETF,2026-09-30,0.64,0.39,
E127,Amundi Core MSCI Emerging Markets Swap UCITS ETF,2026-09-30,-1.59,1.35,
EART,Amundi Euro Government Green Bond UCITS ETF,2026-09-30,-1.48,-3.77,
EBIG,Global X E-Commerce UCITS ETF,2026-09-30,-0.17,-6.2,low volume (median 1/day)
EBUY,Amundi MSCI Digital Economy UCITS ETF,2026-09-30,-0.66,2.67,low volume (median 11/day)
ECOG,L&G Ecommerce Logistics UCITS ETF,2026-09-30,-1.39,-2.89,
ECRP,Amundi EUR Corporate Bond ESG UCITS ETF,2026-09-28,-0.9,-1.67,
EDG2,iShares MSCI EM ESG Enhanced CTB UCITS ETF,2026-09-30,-1.8,1.12,
EDOG,Global X Telemedicine & Digital Health UCITS ETF,2026-09-28,2.34,2.71,low volume (median 30/day)
EEDG,iShares MSCI USA ESG Enhanced CTB UCITS ETF,2026-09-30,-0.35,1.03,
EEI,WisdomTree Europe High Dividend UCITS ETF,2026-09-30,-1.72,-2.52,
EEIP,WisdomTree Europe High Dividend UCITS ETF,2026-09-30,-1.71,-2.33,
EEJG,iShares MSCI Japan ESG Enhanced CTB UCITS ETF,2026-09-30,1.21,3.75,
EEUD,iShares MSCI Europe ESG Enhanced CTB UCITS ETF,2026-09-30,-1.27,-2.97,
EEWG,iShares MSCI World CTB Enhanced ESG UCITS ETF,2026-09-30,-0.44,0.35,
EEXF,iShares EUR Corp Bond ex-Financials UCITS ETF,2026-09-30,-0.48,-1.63,low volume (median 0/day)
EGDM,iShares MSCI EM ESG Enhanced CTB UCITS ETF,2026-09-30,-1.8,1.19,
EGMW,iShares MSCI World CTB Enhanced ESG UCITS ETF,2026-09-30,-0.5,0.4,
EGOV,UBS J.P. Morgan Global Gov ESG Liquid Bond UCITS ETF,2026-09-30,-0.75,-0.59,low volume (median 6/day)
EGRG,WisdomTree Eurozone Quality Dividend Growth UCITS ETF,2026-09-30,-0.64,-3.14,low volume (median 2/day)
EGRP,WisdomTree Eurozone Quality Dividend Growth UCITS ETF,2026-09-30,-0.65,-3.04,low volume (median 4/day)
EHYB,Invesco Euro Corporate Hybrid Bond UCITS ETF,2026-09-30,-0.98,9597.87,low volume (median 0/day); possible pence/pound unit error (~100x daily jump)
ELCR,Amundi MSCI Smart Mobility UCITS ETF,2026-09-30,-1.62,-1.52,
EMCP,iShares JP Morgan USD EM Corp Bond UCITS ETF,2026-09-30,-1.46,-1.81,low volume (median 58/day)
EMDG,L&G Emerging Markets Government Bond USD 0-5 Year Screened UCITS ETF,2026-09-30,-0.95,0.44,
EMDL,SS SPDR Bloomberg Emerging Markets Local Bond UCITS ETF,2026-09-30,-1.03,-0.07,
EMDV,SS SPDR S&P Emerging Markets Dividend Aristocrats UCITS ETF,2026-09-30,-0.94,-0.5,
EMGB,VanEck J.P. Morgan EM Local Currency Bond UCITS ETF,2026-09-30,-0.95,-0.21,low volume (median 37/day)
EMGU,iShares Core MSCI EM IMI UCITS ETF,2026-09-30,-1.66,-0.32,
EMHG,iShares J.P. Morgan USD EM Bond UCITS ETF,2026-09-30,-1.73,-4.17,
EMIM,iShares Core MSCI EM IMI UCITS ETF,2026-09-30,-1.67,0.95,
EMQP,EMQQ Emerging Markets Internet UCITS ETF,2026-09-30,-4.14,-8.03,
EMSM,SS SPDR MSCI Emerging Markets Small Cap UCITS ETF,2026-09-30,-1.03,-0.78,
EMUD,iShares MSCI EMU ESG Enhanced CTB UCITS ETF,2026-09-30,-0.85,-2.68,
EMV,iShares Edge MSCI EM Minimum Volatility UCITS ETF,2026-09-30,-2.43,-1.29,
EMXN,Amundi MSCI Emerging Ex China UCITS ETF,2026-09-30,-1.77,2.3,
ENCG,L&G Multi-Strategy Enhanced Commodities UCITS ETF,2026-09-30,-0.99,5.1,
EQDS,iShares MSCI Europe Quality Dividend Advanced UCITS ETF,2026-09-30,-1.12,-2.47,
EQGB,Invesco EQQQ Nasdaq-100 UCITS ETF,2026-09-30,0.47,3.07,
EQJS,Invesco NASDAQ Next Generation 100 UCITS ETF,2026-09-30,-1.23,-1.54,
EQQQ,Invesco EQQQ Nasdaq-100 UCITS ETF,2026-09-30,0.26,5.15,
EQSG,Invesco Nasdaq-100 Swap UCITS ETF,2026-09-30,0.21,5.13,
ERN1,iShares EUR Ultrashort Bond UCITS ETF,2026-09-30,-0.37,-0.48,
ERNS,iShares GBP Ultrashort Bond UCITS ETF,2026-09-30,0.13,-0.7,
ERNU,iShares USD Ultrashort Bond UCITS ETF,2026-09-30,-0.09,1.32,
ESES,Invesco MSCI Emerging Markets Universal Screened UCITS ETF,2026-09-30,-1.73,0.84,low volume (median 35/day)
ESGB,VanEck Video Gaming and eSports UCITS ETF,2026-09-30,-0.57,1.53,
ESGL,Amundi MSCI Europe ESG Selection UCITS ETF,2026-09-30,-1.19,-3.11,
ESGP,Gold Miners Screened UCITS ETF ACC,2026-09-30,-5.53,-11.64,
ESGS,Invesco MSCI USA Universal Screened UCITS ETF,2026-09-30,-0.28,1.04,
ESIC,iShares Msci Europe Consumer Discretionary Sector UCITS ETF,2026-09-30,-0.86,-8.24,
ESIE,iShares MSCI Europe Energy Sector UCITS ETF,2026-09-30,-1.63,6.07,
ESIF,iShares MSCI Europe Financials Sector UCITS ETF,2026-09-30,-1.07,-3.38,
ESIH,iShares MSCI Europe Health Care Sector UCITS ETF,2026-09-30,-1.39,-3.8,
ESIN,iShares MSCI Europe Industrials Sector UCITS ETF,2026-09-30,-2.11,-4.72,
ESIS,iShares MSCI Europe Consumer Staples Sector UCITS ETF,2026-09-30,-1.68,-3.62,
ESIT,iShares MSCI Europe Information Technology Sector UCITS ETF,2026-09-30,1.09,2.55,
ESRG,Amundi MSCI Europe SRI Climate Paris Aligned ETF,2026-09-30,-1.46,-3.51,
ESUS,Invesco MSCI USA Universal Screened UCITS ETF,2026-09-28,0.0,0.35,low volume (median 8/day)
EUDV,SS SPDR S&P Euro Dividend Aristocrats UCITS ETF,2026-09-30,-1.73,-5.61,
EUE,iShares Core EURO STOXX 50 UCITS ETF EUR Dist,2026-09-30,-0.96,-3.38,
EUHD,Invesco EURO STOXX High Dividend Low Volatility UCITS ETF,2026-09-30,-2.59,-4.02,no close on 2026-09-23; 1W uses 2026-09-21; data gaps (5 missing sessions)
EUN,iShares STOXX Europe 50 UCITS ETF,2026-09-30,-1.0,-2.83,
EUSR,UBS MSCI EMU Socially Responsible UCITS ETF,2026-09-30,-0.73,-2.9,
EUXS,iShares MSCI Europe ex-UK GBP Hedged UCITS ETF Dist,2026-09-30,-0.73,-2.92,
EVAL,SS SPDR MSCI Europe Value UCITS ETF,2026-09-30,-1.93,-3.41,
EWQX,Invesco NASDAQ-100 Equal Weight UCITS ETF,2026-09-30,-0.41,0.19,
EWSP,iShares S&P 500 Equal Weight UCITS ETF,2026-09-30,-1.39,-3.07,
EXCS,iShares MSCI EM EX-China UCITS ETF,2026-09-30,-1.92,2.09,
FAHY,Invesco US High Yield Fallen Angels UCITS ETF,2026-09-30,-1.47,-2.34,low volume (median 3/day)
FASE,Invesco FTSE All Share Screened & Tilted UCITS ETF,2026-09-30,-0.94,-3.8,
FCBR,First Trust Nasdaq Cybersecurity UCITS ETF,2026-09-30,-0.01,7.17,
FEMP,Fidelity ESG USD EM Bond UCITS ETF,2026-09-30,-1.3,-3.77,
FEMQ,Fidelity Emerging Markets Quality Income UCITS ETF,2026-09-30,-1.83,1.14,
FEMS,Fidelity Emerging Markets Equity Research Enhanced UCITS ETF,2026-09-30,-2.25,0.16,
FGQD,Fidelity Global Quality Income UCITS ETF,2026-09-30,0.49,0.14,
FGRD,First Trust Nasdaq Clean Edge Smart Grid Infrastructure UCITS ETF,2026-09-30,-0.53,1.71,
FLO5,iShares USD Floating Rate Bond UCITS ETF,2026-09-30,-0.12,2.49,
FLOS,iShares USD Floating Rate Bond UCITS ETF,2026-09-30,0.07,0.35,
FLRK,Franklin FTSE Korea UCITS ETF,2026-09-30,-2.03,2.43,
FLXD,Franklin European Quality Dividend UCITS ETF,2026-09-30,-2.25,-4.21,
FLXE,Franklin EM Multi-Factor Equity UCITS ETF,2026-09-30,-1.36,0.18,
FLXX,Franklin Global Quality Dividend UCITS ETF,2026-09-30,-1.14,-2.17,
FOGB,Rize Sustainable Future of Food UCITS ETF,2026-09-30,-2.69,-3.13,
FRCH,Franklin FTSE China UCITS ETF,2026-09-30,-2.08,-3.52,
FRIN,Franklin FTSE India UCITS ETF,2026-09-30,-3.22,-4.03,
FRUC,Franklin USD Investment Grade Corporate Bond UCITS ETF,2026-09-28,-1.18,-0.87,low volume (median 0/day)
FRXE,Franklin Euro Short Maturity UCITS ETF,2026-09-28,-0.15,0.0,low volume (median 1/day)
FRXT,Franklin FTSE Taiwan UCITS ETF,2026-09-30,0.08,6.51,
FSEU,iShares STOXX Europe Equity Multifactor UCITS ETF,2026-09-30,-1.13,-2.63,
FSKY,First Trust Cloud Computing UCITS ETF,2026-09-30,-1.39,1.16,
FSMG,Fidelity Global Corp Bond Research Enhanced PAB UCITS ETF,2026-09-30,-1.28,-1.21,
FSWD,iShares STOXX World Equity Multifactor UCITS ETF,2026-09-30,-0.14,1.1,
FTAD,SS SPDR FTSE UK All Share UCITS ETF,2026-09-30,-0.73,-3.59,
FTAL,SS SPDR FTSE UK All Share UCITS ETF,2026-09-30,-0.64,-1.74,
FTAW,iShares FTSE All World UCITS ETF,2026-09-30,-0.56,0.77,
FTWG,Invesco FTSE All-World UCITS ETF,2026-09-30,-0.5,0.43,
FUQA,Fidelity US Quality Income UCITS ETF,2026-09-30,0.04,0.44,
FUSI,Fidelity US Quality Income UCITS ETF,2026-09-30,-0.1,0.39,
FUSS,Fidelity US Equity Research Enhanced UCITS ETF,2026-09-30,-0.1,1.56,
FVUB,Franklin FTSE Brazil UCITS ETF,2026-09-30,-1.3,9.36,
FWRG,Invesco FTSE All-World UCITS ETF,2026-09-30,-0.53,0.8,
FXC,iShares China Large Cap UCITS ETF,2026-09-30,-1.23,-2.9,
G500,Invesco S&P 500 UCITS ETF,2026-09-30,-0.09,-0.47,
GBDV,SS SPDR S&P Global Dividend Aristocrats UCITS ETF,2026-09-30,-1.45,-4.23,
GBP5,L&G GBP Corporate Bond 0-5 Year Screened UCITS ETF,2026-09-30,0.03,-0.66,
GBPC,L&G GBP Corporate Bond Screened UCITS ETF,2026-09-30,-0.19,-1.04,
GBPG,Goldman Sachs Access UK Gilts 1-10 Years UCITS ETF,2026-09-30,-0.13,-1.0,
GBSP,WisdomTree Physical Gold - GBP Daily Hedged,2026-09-30,-2.89,-9.0,
GCAR,iShares Electric Vehicles & Driving Technology UCITS ETF,2026-09-30,-1.21,1.48,
GCEX,Invesco Global Clean Energy UCITS ETF,2026-09-30,-1.56,-4.1,low volume (median 6/day)
GCLX,Invesco Global Clean Energy UCITS ETF,2026-09-30,-1.48,-3.54,
GDGB,VanEck Gold Miners UCITS ETF,2026-09-30,-5.97,-11.65,
GEDM,iShares MSCI EM IMI Screened UCITS ETF,2026-09-30,-1.63,1.01,
GEND,Amundi Global Gender Equality UCITS ETF,2026-09-30,-0.68,-3.26,low volume (median 34/day)
GFGB,VanEck Global Fallen Angel High Yield Bond UCITS ETF,2026-09-28,-0.96,-0.86,low volume (median 1/day)
GGRB,WisdomTree Global Quality Dividend Growth UCITS ETF,2026-09-30,-0.12,-2.76,
GGRG,WisdomTree Global Quality Dividend Growth UCITS ETF,2026-09-30,0.57,-1.26,
GGRP,WisdomTree Global Quality Dividend Growth UCITS ETF,2026-09-30,-0.27,-1.23,
GHYG,iShares Global High Yield Corp Bond UCITS ETF,2026-09-30,-1.22,-3.68,
GHYS,iShares Global High Yield Corp Bond GBP Hedged UCITS ETF Dist,2026-09-30,-0.97,-2.33,
GIGB,VanEck S&P Global Mining UCITS ETF,2026-09-30,-3.81,-9.97,
GIL5,Amundi UK Government Bond 0-5Y UCITS ETF,2026-09-30,0.11,-0.4,
GILG,iShares Global Inflation Linked Govt Bond UCITS ETF,2026-09-30,-0.79,-2.2,
GILI,Amundi UK Government Inflation-Linked Bond UCITS ETF,2026-09-30,-1.12,-0.33,
GILS,Amundi Core UK Government Bond UCITS ETF,2026-09-30,-0.47,-1.22,
GIN,SS SPDR Morningstar Multi-Asset Global Infrastructure UCITS ETF,2026-09-30,-1.11,-1.7,
GISG,Amundi Global Government Inflation-Linked Bond 1-10Y UCITS ETF,2026-09-30,-0.53,-1.69,
GJGB,VanEck Junior Gold Miners UCITS ETF,2026-09-30,-5.97,-11.7,
GLAB,SS SPDR Bloomberg Global Aggregate Bond  UCITS ETF,2026-09-30,-0.61,-1.91,
GLBL,SS SPDR Bloomberg Global Aggregate Bond  UCITS ETF,2026-09-30,-0.9,-0.49,
GLDA,Amundi Physical Gold ETC,2026-09-30,,,insufficient history for 1W; insufficient history for 1M
GLDW,WisdomTree Core Physical Gold,2026-09-30,-3.04,-6.82,
GLGG,L&G Clean Water UCITS ETF,2026-09-30,-0.81,-2.87,
GLT5,Invesco UK Gilt 1-5 Year UCITS ETF,2026-09-30,0.08,-1.57,
GLTA,Invesco UK Gilts UCITS ETF,2026-09-30,-0.51,-1.33,
GLTL,SS SPDR Bloomberg 15+ Year Gilt UCITS ETF,2026-09-30,-1.67,-2.0,
GLTS,SS SPDR Bloomberg 1-5 Year Gilt UCITS ETF,2026-09-30,0.12,-0.58,
GLTY,SS SPDR Bloomberg UK Gilt UCITS ETF,2026-09-30,-0.59,-1.34,
GNOG,Global X Genomics & Biotechnology UCITS ETF,2026-09-30,3.81,10.36,
GOGB,VanEck Morningstar Global Wide Moat UCITS ETF,2026-09-30,-0.43,-1.83,
GPSA,iShares MSCI USA Screened UCITS ETF,2026-09-30,-0.16,1.75,
GR8,Making Europe Great Again UCITS ETF ACC,2026-09-30,-3.0,-3.51,low volume (median 84/day)
GSPX,iShares Core S&P 500 UCITS ETF,2026-09-30,-0.02,-0.55,
GXLC,SS SPDR S&P US Communication Services Select Sector UCITS ETF,2026-09-30,-0.54,2.03,
GXLK,SS SPDR S&P US TECHNOLOGY SELECT SECTOR UCITS ETF,2026-09-30,1.0,6.26,
H50A,HSBC EURO STOXX 50 UCITS ETF,2026-09-30,,,insufficient history for 1W; insufficient history for 1M
H50E,HSBC EURO STOXX 50 UCITS ETF,2026-09-30,-0.81,-3.26,
HCAN,HSBC MSCI CANADA UCITS ETF,2026-09-30,-2.19,-2.91,
HDEM,Invesco FTSE Emerging Markets High Dividend Low Volatility UCITS ETF,2026-09-30,-0.35,0.28,
HDGB,VanEck Hydrogen Economy UCITS ETF,2026-09-30,-1.58,1.28,
HDIQ,iShares MSCI USA Quality Dividend Advanced UCITS ETF,2026-09-30,-0.23,-0.37,
HDLG,Invesco S&P 500 High Dividend Low Volatility UCITS ETF,2026-09-30,-1.83,-6.78,
HEAE,SS SPDR MSCI Europe Health Care UCITS ETF,2026-09-30,-1.63,-3.68,low volume (median 43/day)
HEDG,WisdomTree Europe Equity UCITS ETF,2026-09-30,-1.13,-3.77,
HEDP,WisdomTree Europe Equity UCITS ETF,2026-09-28,-0.1,-2.96,low volume (median 1/day)
HEDS,WisdomTree Europe Equity UCITS ETF,2026-09-30,-0.83,-1.47,low volume (median 0/day)
HERG,Global X Video Games & Esports UCITS ETF,2026-09-30,-0.97,0.56,low volume (median 34/day)
HGBP,HSBC Sterling Liquidity Fund UCITS ETF,2026-09-30,0.1,0.33,
HIDR,HSBC MSCI INDONESIA UCITS ETF,2026-09-30,-2.99,-4.9,
HIES,HSBC MSCI Emerging Markets Islamic Screened Capped UCITS ETF,2026-09-30,-1.94,3.33,
HIPS,HSBC MSCI Europe Islamic Screened UCITS ETF,2026-09-30,-0.75,-1.47,
HIWS,HSBC MSCI World Islamic Screened UCITS ETF,2026-09-30,0.25,4.01,
HKOR,HSBC MSCI Korea Capped UCITS ETF,2026-09-30,-2.0,3.11,
HMAF,HSBC MSCI AC FAR EAST EX JAPAN UCITS ETF,2026-09-30,-1.34,2.18,
HMCA,HSBC MSCI China A UCITS ETF,2026-09-30,-4.02,-3.87,
HMCH,HSBC MSCI CHINA UCITS ETF,2026-09-30,-1.72,-3.04,
HMCX,HSBC FTSE 250 UCITS ETF,2026-09-30,0.57,-1.65,
HMEF,HSBC MSCI EMERGING MARKETS UCITS ETF,2026-09-30,-1.68,1.18,
HMEU,HSBC MSCI EUROPE UCITS ETF,2026-09-30,-1.17,-2.95,
HMJP,HSBC MSCI JAPAN UCITS ETF,2026-09-30,0.76,4.08,
HMUS,HSBC MSCI USA Quality UCITS ETF,2026-09-30,0.69,1.96,
HMWO,HSBC MSCI WORLD UCITS ETF,2026-09-30,-0.39,0.72,
HMWS,HSBC MSCI WORLD UCITS ETF,2026-09-30,-0.39,0.69,
HMXJ,HSBC MSCI PACIFIC EX JAPAN UCITS ETF,2026-09-30,-0.46,-2.27,
HPAE,HSBC MSCI Europe Climate Paris Aligned UCITS ETF,2026-09-30,-1.21,-3.42,low volume (median 16/day)
HPAO,HSBC MSCI World Climate Paris Aligned UCITS ETF,2026-09-30,-0.64,0.33,
HPAS,HSBC MSCI USA Climate Paris Aligned UCITS ETF,2026-09-30,-0.79,1.05,low volume (median 1/day)
HPRO,HSBC FTSE EPRA/NAREIT Developed UCITS ETF,2026-09-30,-1.49,-4.53,
HPRS,HSBC FTSE EPRA/NAREIT Developed UCITS ETF,2026-09-30,-1.52,-4.48,
HSEF,HSBC Emerging Market Screened Equity UCITS ETF,2026-09-30,-1.24,0.16,
HSEP,HSBC Europe Screened Equity UCITS ETF,2026-09-30,-0.7,-3.47,low volume (median 28/day)
HSJP,HSBC Japan Screened Equity UCITS ETF,2026-09-30,0.63,4.0,
HSPX,HSBC S&P 500 UCITS ETF,2026-09-30,-0.16,1.58,
HSTC,HSBC Hang Seng Tech UCITS ETF,2026-09-30,-3.03,-6.24,
HSUK,HSBC Uk Screened Equity UCITS ETF,2026-09-30,-1.22,-4.8,
HSUS,HSBC USA Screened Equity UCITS ETF,2026-09-28,0.28,2.55,low volume (median 2/day)
HSWO,HSBC Developed World Screened Equity UCITS ETF,2026-09-30,-0.03,1.39,
HSXJ,HSBC Asia Pacific Ex Japan Screened Equity UCITS ETF,2026-09-30,-1.2,1.02,
HTWG,L&G Hydrogen Economy UCITS ETF,2026-09-30,-1.7,-2.28,
HTWN,HSBC MSCI Taiwan Capped UCITS ETF,2026-09-30,-0.05,6.84,
HUKX,HSBC FTSE 100 UCITS ETF,2026-09-30,-0.9,-1.88,
HWSS,HSBC MSCI World Small Cap Screened UCITS ETF,2026-09-30,-1.31,-2.59,
HWWA,HSBC Multi Factor Worldwide Equity UCITS ETF,2026-09-30,-0.85,0.6,
HYGB,VanEck Emerging Markets High Yield Bond UCITS ETF,2026-09-30,-1.49,-0.19,low volume (median 3/day)
HYGG,Global X Hydrogen UCITS ETF,2026-09-30,-2.65,2.23,
I500,iShares S&P 500 Swap UCITS ETF,2026-09-30,-0.19,1.51,
I50D,iShares S&P 500 Swap UCITS ETF,2026-09-30,-0.2,1.52,
IAEX,iShares AEX UCITS ETF,2026-09-30,0.38,-0.12,
IAIX,Invesco Artificial Intelligence Enablers UCITS ETF,2026-09-30,-1.62,3.83,
IAPD,iShares Asia Pacific Dividend UCITS ETF,2026-09-30,-0.27,-0.98,
IASH,iShares MSCI China A UCITS ETF,2026-09-30,-3.77,-3.69,
IASP,iShares Asia Property Yield UCITS ETF,2026-09-30,-1.14,-2.59,
IBCI,iShares EUR Inflation Linked Govt Bond UCITS ETF,2026-09-30,-1.09,-2.85,
IBGL,iShares EUR Govt Bond 15-30yr UCITS ETF,2026-09-30,-2.32,-4.85,
IBGM,iShares II plc - iShares EUR Govt Bond 7-10yr UCITS ETF,2026-09-30,-0.88,-3.11,
IBGS,iShares EUR Govt Bond 1-3yr UCITS ETF,2026-09-30,-0.29,-1.5,
IBGX,iShares EUR Govt Bond 3-5yr UCITS ETF,2026-09-30,-0.32,-1.45,
IBTG,iShares USD Treasury Bond 1-3yr UCITS ETF,2026-09-30,0.08,-2.45,
IBTL,iShares USD Treasury Bond 20+yr UCITS ETF,2026-09-30,-3.68,-4.17,
IBTM,iShares USD Treasury Bond 7-10yr UCITS ETF,2026-09-30,-1.31,-1.53,
IBTS,iShares USD Treasury Bond 1-3yr UCITS ETF,2026-09-30,-0.09,-0.43,
IBZL,iShares MSCI Brazil UCITS ETF USD Dist,2026-09-30,-2.79,6.48,
ICDU,iShares S&P 500 Consumer Discretionary Sector UCITS ETF,2026-09-30,-1.68,-4.82,
ICSU,iShares S&P 500 Consumer Staples Sector UCITS ETF,2026-09-30,-1.11,-0.35,
IDJG,iShares Euro Total Market Growth Large UCITS ETF,2026-09-30,0.07,-2.66,
IDTG,iShares USD Treasury Bond 20+yr UCITS ETF,2026-09-30,-3.68,-6.4,
IDVY,iShares Euro Dividend UCITS ETF,2026-09-30,-1.79,-4.54,
IEAH,iShares Core EUR Corp Bond UCITS ETF,2026-09-30,0.01,-1.41,
IEBC,iShares Core EUR Corp Bond UCITS ETF,2026-09-30,-0.51,-1.63,
IEEM,iShares MSCI EM UCITS ETF USD Dist,2026-09-30,-1.89,0.39,
IEFM,iShares Edge MSCI Europe Momentum Factor UCITS ETF,2026-09-30,-1.3,-0.95,
IEFQ,iShares Edge MSCI Europe Quality Factor UCITS ETF,2026-09-30,-1.23,-3.6,
IEFS,iShares MSCI Europe Mid-Cap Equal Weight UCITS ETF,2026-09-30,-1.51,-2.95,
IEFV,iShares Edge MSCI Europe Value Factor UCITS ETF,2026-09-30,-1.76,-3.16,
IESG,iShares MSCI Europe SRI UCITS ETF,2026-09-30,-1.25,-3.33,
IESU,iShares S&P 500 Energy Sector UCITS ETF,2026-09-30,-0.97,2.64,
IEUX,iShares MSCI Europe ex-UK UCITS ETF,2026-09-30,-1.39,-3.55,
IFFF,iShares plc - iShares MSCI AC Far East ex-Japan UCITS ETF,2026-09-30,-1.4,1.73,
IGBE,Invesco GBP Corporate Bond Screened & Tilted UCITS ETF,2026-09-30,-0.21,-2.51,
IGBS,iShares Broad Global Govt Bond UCITS ETF,2026-09-30,-0.45,-1.67,
IGCB,Invesco GBP Corporate Bond UCITS ETF,2026-09-30,-0.43,-2.83,
IGHY,iShares Global High Yield Corp Bond UCITS ETF,2026-09-30,-1.38,-2.71,
IGL5,iShares UK Gilts 0-5yr UCITS ETF,2026-09-30,0.11,-0.41,
IGLH,iShares Global Govt Bond UCITS ETF,2026-09-30,-0.53,-2.13,
IGLS,iShares UK Gilts 0-5yr UCITS ETF,2026-09-30,0.11,-0.37,
IGLT,iShares Core UK Gilts UCITS ETF,2026-09-30,-0.45,-1.2,
IGSD,iShares USD Short Duration Corp Bond UCITS ETF,2026-09-30,-0.35,0.03,
IGSG,iShares Dow Jones Global Leaders Screened UCITS ETF,2026-09-30,0.09,-0.59,
IGTM,iShares USD Treasury Bond 7-10yr UCITS ETF,2026-09-30,-1.15,-3.65,
IGUS,iShares S&P 500 GBP Hedged UCITS ETF Acc,2026-09-30,0.01,-0.53,
IGWD,iShares MSCI World GBP Hedged UCITS ETF Acc,2026-09-30,-0.13,-0.98,
IH2O,iShares Global Water UCITS ETF,2026-09-30,-0.86,-1.42,
IHCU,iShares S&P 500 Health Care Sector UCITS ETF,2026-09-30,0.58,1.97,
IIND,iShares MSCI India UCITS ETF,2026-09-30,-3.8,-5.24,
IISU,iShares S&P 500 Industrials Sector UCITS ETF,2026-09-30,-1.58,-3.06,
IITU,iShares S&P 500 Information Technology Sector UCITS ETF,2026-09-30,0.94,6.38,
IJPH,iShares MSCI Japan GBP Hedged UCITS ETF Acc,2026-09-30,0.14,0.0,
IJPN,iShares MSCI Japan UCITS ETF USD Dist,2026-09-30,0.68,3.92,
IKOR,iShares MSCI Korea UCITS ETF USD Dist,2026-09-30,-2.12,3.02,
IMEU,iShares Core MSCI Europe UCITS ETF,2026-09-30,-1.27,-2.9,
IMIB,iShares FTSE MIB UCITS ETF EUR Dist,2026-09-30,-1.69,-2.51,
IMSU,iShares S&P 500 Materials Sector UCITS ETF,2026-09-30,-2.3,-4.73,
IMV,iShares Edge MSCI Europe Minimum Volatility UCITS ETF,2026-09-30,-1.42,-2.94,
INAA,iShares MSCI North America UCITS ETF,2026-09-30,-0.28,1.17,
INFR,iShares Global Infrastructure UCITS ETF,2026-09-30,-1.64,-4.1,
INQP,INQQ India Internet UCITS ETF,2026-09-30,-6.73,-4.67,
INRG,iShares Global Clean Energy Transition UCITS ETF,2026-09-30,-2.89,-0.87,
INTL,WisdomTree Artificial Intelligence UCITS ETF,2026-09-30,-0.61,5.22,
INXG,iShares GBP Index-Linked Gilts UCITS ETF,2026-09-30,-0.92,-0.26,
IPRP,iShares European Property Yield UCITS ETF,2026-09-30,-3.71,-9.68,
IPRV,iShares Listed Private Equity UCITS ETF,2026-09-30,-1.91,-8.87,
IQCY,Amundi MSCI Smart Cities UCITS ETF,2026-09-30,-0.31,1.94,low volume (median 2/day)
IQSS,Invesco Global Active ESG Equity UCITS ETF,2026-09-30,-0.34,0.12,
IS15,iShares GBP Corp Bond 0-5yr UCITS ETF,2026-09-30,0.12,-3.03,
ISF,iShares plc - iShares Core FTSE 100 UCITS ETF,2026-09-30,-0.9,-2.79,
ISFE,iShares MSCI AC Far East ex-Japan Small Cap UCITS ETF,2026-09-30,0.89,1.06,
ISFR,iShares MSCI France UCITS ETF,2026-09-30,-2.18,-5.56,
ISJP,iShares MSCI Japan Small Cap UCITS ETF,2026-09-30,0.9,2.95,
ISP6,iShares S&P Small Cap 600 UCITS ETF,2026-09-30,-1.51,-4.18,
ISPE,iShares S&P 500 Equal Weight UCITS ETF,2026-09-30,-1.28,-5.09,
ISPY,L&G Cyber Security UCITS ETF,2026-09-30,-0.56,6.94,
ISUS,iShares MSCI USA Islamic UCITS ETF,2026-09-30,-0.27,5.08,
ISWD,iShares MSCI World Islamic UCITS ETF,2026-09-30,-0.21,3.08,
ISXF,iShares GBP Corp Bond ex-Financials UCITS ETF,2026-09-30,-0.63,-1.4,
ITEP,HAN-GINS Tech Megatrend Equal Weight UCITS ETF,2026-09-30,-2.44,3.5,
ITKY,iShares MSCI Turkey UCITS ETF,2026-09-30,-8.42,-8.18,
ITPG,iShares USD TIPS UCITS ETF,2026-09-30,-0.88,-3.07,
ITPS,iShares USD TIPS UCITS ETF,2026-09-30,-1.13,-0.8,
ITWN,iShares MSCI Taiwan UCITS ETF,2026-09-30,-0.32,5.56,
IUGA,iShares US Aggregate Bond UCITS ETF,2026-09-30,-1.19,-3.02,
IUKD,iShares UK Dividend UCITS ETF,2026-09-30,-0.18,-3.14,
IUKP,iShares UK Property UCITS ETF,2026-09-30,-0.22,-5.57,
IUMF,iShares Edge MSCI USA Momentum Factor UCITS ETF,2026-09-30,0.45,7.19,
IUQF,iShares Edge MSCI USA Quality Factor UCITS ETF,2026-09-30,0.67,1.93,
IUSA,iShares Core S&P 500 UCITS ETF USD Dist,2026-09-30,-0.16,1.38,
IUSF,iShares MSCI USA Mid-Cap Equal Weight UCITS ETF,2026-09-30,-1.72,-3.81,
IUSP,iShares US Property Yield UCITS ETF,2026-09-30,-1.93,-4.7,
IUSU,iShares S&P 500 Utilities Sector UCITS ETF,2026-09-30,-0.7,-5.39,
IUVF,iShares Edge MSCI USA Value Factor UCITS ETF,2026-09-30,-1.38,1.32,
IWDG,iShares Core MSCI World UCITS ETF,2026-09-30,-0.2,-1.06,
IWDP,iShares Developed Markets Property Yield UCITS ETF,2026-09-30,-1.95,-4.72,
IWFM,iShares Edge MSCI World Momentum Factor UCITS ETF,2026-09-30,0.34,5.66,
IWFQ,iShares Edge MSCI World Quality Factor UCITS ETF,2026-09-30,0.3,0.75,
IWFS,iShares MSCI World Mid-Cap Equal Weight UCITS ETF,2026-09-30,-1.62,-3.06,
IWFV,iShares Edge MSCI World Value Factor UCITS ETF,2026-09-30,-1.3,1.69,
IWRD,iShares MSCI World UCITS ETF,2026-09-30,-0.35,0.55,
IWVG,iShares Edge MSCI World Value Factor UCITS ETF,2026-09-30,-1.21,1.66,
J13E,JPMorgan BetaBuilders EUR Govt Bond 1-3 yr UCITS ETF,2026-09-28,-0.17,-0.39,low volume (median 0/day)
J15R,JPMorgan EUR 1-5 yr IG Corporate Bond Active UCITS ETF,2026-09-30,-0.43,-1.03,low volume (median 34/day)
JEDG,Vaneck Space Innovators UCITS ETF,2026-09-30,-1.52,0.68,
JEGP,JPMorgan Global Equity Premium Income Active UCITS ETF,2026-09-30,-1.23,-0.91,
JEIP,JPMorgan US Equity Premium Income Active UCITS ETF,2026-09-30,-0.33,-0.26,
JEQP,JPMorgan Nasdaq Equity Premium Income Active UCITS ETF,2026-09-30,0.42,4.15,
JERE,JPMorgan Europe Research Enhanced Index Equity Active UCITS ETF,2026-09-30,-0.85,-3.01,
JG15,JPMorgan BetaBuilders UK Gilt 1-5 YR UCITS ETF,2026-09-30,0.11,-0.83,low volume (median 71/day)
JGEP,JPMorgan Global Research Enhanced Index Equity Active UCITS ETF,2026-09-30,-0.05,-1.14,
JGRE,JPMorgan Global Research Enhanced Index Equity Active UCITS ETF,2026-09-30,-0.22,0.62,
JGST,JPMorgan GBP Ultra-Short Income Active UCITS ETF,2026-09-30,-0.02,-0.21,
JHYP,JPMorgan Global High Yield Corporate Bond Multi-Factor Active UCITS ETF,2026-09-30,-1.26,-2.63,
JMRE,JPMorgan Global Emerging Markets Research Enhanced Index Equity Active UCITS ETF,2026-09-30,-2.04,0.79,
JPAS,JPMorgan USD Ultra-Short Income Active UCITS ETF,2026-09-30,-0.16,2.09,
JPBM,JPMorgan USD Emerging Markets Sovereign Bond UCITS ETF,2026-09-30,-2.38,-2.12,low volume (median 29/day)
JPLG,JPMorgan Global Equity Multi-Factor UCITS ETF,2026-09-30,-1.22,-1.96,
JPTC,JPMorgan Carbon Transition Global Equity CTB UCITS ETF,2026-09-30,0.01,0.4,
JRBU,JPMorgan USD IG Corporate Bond Active UCITS ETF,2026-09-28,-1.25,-0.9,low volume (median 1/day)
JRDE,JPMorgan Europe Research Enhanced Index Equity Active UCITS ETF,2026-09-30,-0.94,-3.04,low volume (median 2/day)
JRDG,JPMorgan Global Research Enhanced Index Equity Active UCITS ETF,2026-09-30,-0.32,0.52,
JRDM,JPMorgan Global Emerging Markets Research Enhanced Index Equity Active UCITS ETF,2026-09-30,-2.04,0.75,low volume (median 12/day)
JRDU,JPMorgan US Research Enhanced Index Equity Active UCITS ETF,2026-09-30,-0.1,1.25,
JRJE,JPMorgan Japan Research Enhanced Index Equity Active UCITS ETF,2026-09-30,0.69,3.91,
JRUW,JPMorgan All Country Research Enhanced Index Equity Active UCITS ETF,2026-09-30,-0.43,0.53,
JSET,JPMorgan EUR Ultra-Short Income Active UCITS ETF,2026-09-28,0.0,0.11,low volume (median 10/day)
JUKC,JPMorgan UK Equity Core Active UCITS ETF,2026-09-30,-0.82,-1.86,
JUKE,JPMorgan UK Equity Core Active UCITS ETF,2026-09-30,-0.79,-1.69,
JURE,JPMorgan US Research Enhanced Index Equity Active UCITS ETF,2026-09-30,-0.09,1.24,
KLWD,WisdomTree Cloud Computing UCITS ETF,2026-09-30,-1.83,-3.77,
KRWL,Amundi MSCI Korea UCITS ETF,2026-09-30,-2.08,2.88,
KSTP,KraneShares ICBCUBS China Technology & Semiconductor STAR 50 Index UCITS ETF,2026-09-30,-6.57,-5.42,
KWBP,KraneShares CSI China Internet UCITS ETF,2026-09-30,-1.38,-4.91,
L100,Amundi Core FTSE 100 Swap UCITS ETF,2026-09-30,-1.01,-1.92,
LCJP,Amundi Core MSCI Japan UCITS ETF,2026-09-30,0.92,4.06,
LCPE,Ossiam Lux-Ossiam Shiller Barclays Cape Europe Sector Value TR,2026-09-28,-0.16,-4.4,low volume (median 0/day)
LCUK,Amundi UK Equity All Cap,2026-09-30,-1.45,-2.55,
LDEG,L&G Europe ex-UK Quality Dividends Equal Weight UCITS ETF,2026-09-30,-2.07,-3.37,
LDGG,L&G Global Quality Dividends UCITS ETF,2026-09-30,-0.37,-1.78,
LDUK,L&G UK Quality Dividends Equal Weight UCITS ETF,2026-09-30,-0.05,-3.48,
LGAG,L&G Asia Pacific ex Japan Equity UCITS ETF,2026-09-30,-0.59,-1.12,
LGEG,L&G Europe ex UK Equity UCITS ETF,2026-09-30,-1.29,-3.33,
LGGG,L&G Global Equity UCITS ETF,2026-09-30,-0.33,0.91,
LGJG,L&G Japan Equity UCITS ETF,2026-09-30,0.73,3.62,
LGUG,L&G US Equity UCITS ETF,2026-09-30,-0.16,1.65,
LGUK,L&G UK Equity UCITS ETF,2026-09-30,-1.18,-1.81,
LITG,Global X Lithium & Battery Tech UCITS ETF,2026-09-30,-2.27,-9.24,
LQDS,iShares USD Corp Bond UCITS ETF,2026-09-30,-2.04,-2.93,
LQGH,iShares USD Corp Bond UCITS ETF,2026-09-30,-2.0,-5.06,
LSPX,Amundi Core S&P 500 Swap UCITS ETF,2026-09-30,-0.2,1.58,
LTAM,iShares MSCI EM Latin America UCITS ETF,2026-09-30,-2.53,2.56,
LUXG,Amundi Global Luxury UCITS ETF,2026-09-30,0.39,-6.65,low volume (median 67/day)
LVNG,Rize Environmental Impact 100 UCITS ETF,2026-09-30,-2.28,-2.39,
MAGG,iShares Growth Portfolio UCITS ETF,2026-09-30,-0.39,-1.15,
MAMG,iShares Moderate Portfolio UCITS ETF,2026-09-30,-0.26,-1.36,
MCHS,Invesco MSCI China All Shares Stock Connect UCITS ETF,2026-09-30,-2.76,-3.11,
MCTS,Invesco MSCI China Technology All Shares Stock Connect UCITS ETF,2026-09-30,-4.15,-7.05,
MDBG,UBS Sustainable Development Bank Bonds UCITS ETF,2026-09-30,-0.37,-1.77,
MDBU,UBS Sustainable Development Bank Bonds UCITS ETF,2026-09-30,-0.37,0.41,low volume (median 47/day)
METG,iShares Essential Metals Producers UCITS ETF,2026-09-30,-2.92,-10.11,
MEUD,Amundi Core Stoxx Europe 600 UCITS ETF,2026-09-30,-1.1,-2.96,
MIDD,iShares FTSE 250 UCITS ETF,2026-09-30,0.71,-2.5,
MILL,Amundi MSCI Millennials UCITS ETF,2026-09-28,-0.08,-2.17,low volume (median 0/day)
MINE,iShares Copper Miners UCITS ETF,2026-09-30,-2.37,-8.25,
MINV,iShares Edge MSCI World Minimum Volatility UCITS ETF,2026-09-30,-1.04,-1.5,
MLPP,Invesco Morningstar US Energy Infrastructure MLP UCITS ETF,2026-09-30,-4.32,-6.15,
MOGB,VanEck Morningstar US ESG Wide Moat UCITS ETF,2026-09-30,-1.19,-5.31,
MSCW,Amundi Core MSCI World Swap UCITS ETF,2026-09-30,-0.41,0.69,
MSED,Amundi Core EURO STOXX 50 UCITS ETF,2026-09-30,-0.79,-3.26,
MSEX,Amundi EURO STOXX 50 II UCITS ETF,2026-09-30,-0.36,-3.11,
MSRG,Amundi MSCI Emerging Markets SRI Climate Paris Aligned ETF,2026-09-30,-0.96,2.19,
MTIX,Amundi Euro Government Inflation-Linked Bond UCITS ETF,2026-09-30,-1.04,-2.76,low volume (median 2/day)
MTXX,Amundi Core Euro Government Bond UCITS ETF,2026-09-30,-0.87,-2.44,
MVEA,iShares Edge MSCI USA Minimum Volatility Advanced UCITS ETF,2026-09-30,-0.77,-1.66,low volume (median 29/day)
MVEW,iShares Edge MSCI World Minimum Volatility Advanced UCITS ETF,2026-09-30,-1.02,-1.27,
MVUS,iShares Edge S&P 500 Minimum Volatility UCITS ETF,2026-09-30,-0.76,0.3,
MWEP,Invesco MSCI World Equal Weight UCITS ETF,2026-09-30,-1.8,-2.8,
MWOZ,Amundi Prime Global UCITS ETF,2026-09-30,-0.36,0.8,
MWRL,Amundi Core MSCI World UCITS ETF,2026-09-30,-0.36,0.65,
MXEU,Invesco MSCI Europe UCITS ETF,2026-09-30,-1.15,-3.02,low volume (median 1/day)
MXFP,Invesco MSCI Emerging Markets UCITS ETF,2026-09-30,-1.78,1.06,
MXWS,Invesco MSCI World UCITS ETF,2026-09-30,-0.44,0.67,
N100,iShares NASDAQ 100 Swap UCITS ETF,2026-09-30,0.25,5.16,
NASL,Amundi Core Nasdaq-100 Swap UCITS ETF,2026-09-30,0.21,5.12,
NATP,Future of Defence UCITS ETF,2026-09-30,-2.28,-2.16,
NCLP,WisdomTree Uranium and Nuclear Energy UCITS ETF,2026-09-30,-5.39,-12.59,
NESP,Invesco Nasdaq-100 ESG UCITS ETF,2026-09-30,0.44,5.41,
NUCG,VanEck Uranium and Nuclear Technologies UCITS ETF,2026-09-30,-4.43,-7.93,
OMXS,iShares OMX Stockholm Capped UCITS ETF,2026-09-30,-2.34,-3.79,
PABG,Amundi S&P Eurozone Climate Paris Aligned UCITS ETF,2026-09-30,-0.46,-3.13,
PACW,Amundi Prime All Country World UCITS ETF,2026-09-30,-0.55,0.85,
PADV,SS SPDR S&P Pan Asia Dividend Aristocrats UCITS ETF,2026-09-30,-0.86,0.21,
PAIG,WisdomTree Physical AI Humanoids and Drones UCITS ETF,2026-09-30,-1.97,-2.74,
PAVG,Global X US Infrastructure Development UCITS ETF,2026-09-30,-1.7,-2.83,
PAXG,Amundi MSCI Pacific Ex Japan UCITS ETF,2026-09-30,-0.34,-2.41,low volume (median 11/day)
PEAM,Invesco MDAX UCITS ETF,2026-09-30,-1.58,-6.6,
PHPP,WisdomTree Physical Precious Metals,2026-09-30,-4.15,-9.48,
PHSP,WisdomTree Physical Silver,2026-09-30,-6.75,-11.01,
PMLP,Alerian Midstream Energy Dividend UCITS ETF,2026-09-30,-4.7,-5.81,
PPTX,WisdomTree Physical Platinum,2026-09-30,-3.06,-7.95,
PQVG,Invesco S&P 500 QVM UCITS ETF,2026-09-30,-0.43,1.01,
PRAN,Amundi Prime Emerging Markets Ucits ETF DR,2026-09-30,-2.42,0.22,
PRFP,Invesco Preferred Shares UCITS ETF,2026-09-30,-1.9,-3.92,low volume (median 37/day)
PRIC,Amundi Core EUR Corporate Bond UCITS ETF,2026-09-30,-0.45,-1.5,
PRIE,AMUNDI PRIME EUROPE UCITS ETF DR,2026-09-30,-1.14,-2.95,
PRIG,Amundi Prime Global Government Bond UCITS ETF,2026-09-30,-0.92,-0.84,low volume (median 99/day)
PRIJ,AMUNDI PRIME JAPAN UCITS ETF DR,2026-09-30,0.84,3.87,
PRIR,Amundi Prime Euro Government Bond UCITS ETF,2026-09-30,-0.9,-2.45,
PRUK,Amundi Prime UK Mid & Small Cap UCITS ETF DR,2026-09-30,1.04,-1.23,
PSRE,Invesco RAFI Europe Fundamental Value UCITS ETF,2026-09-30,-1.64,-3.16,
PSRF,Invesco RAFI US Fundamental Value UCITS ETF,2026-09-30,-0.93,0.0,
PSRM,Invesco RAFI Emerging Markets Fundamental Value UCITS ETF,2026-09-30,-1.49,0.27,
PSRW,Invesco RAFI All-World Fundamental Value UCITS ETF,2026-09-30,-0.99,-0.31,
QGRP,WisdomTree US Quality Growth UCITS ETF,2026-09-30,1.04,3.77,
QNTG,VanEck Quantum Computing UCITS ETF,2026-09-30,-0.8,3.56,
QQQA,UBS Nasdaq-100 UCITS ETF,2026-09-30,0.19,5.18,
QUID,PIMCO Sterling Short Maturity UCITS ETF,2026-09-30,0.1,-0.15,
QWTM,WisdomTree Quantum Computing UCITS ETF,2026-09-30,-0.22,2.82,
QYLP,Global X Nasdaq 100 Covered Call UCITS ETF,2026-09-30,0.5,3.34,
R1GB,iShares Russell 1000 Growth UCITS ETF,2026-09-30,0.46,4.02,
R2SC,SS SPDR RUSSELL 2000 US Small Cap UCITS ETF,2026-09-30,-1.48,-4.12,
RAYS,Invesco Solar Energy UCITS ETF,2026-09-30,-3.81,-8.38,
RBTX,iShares Automation & Robotics UCITS ETF,2026-09-30,-0.24,2.45,
REGB,VanEck Rare Earth and Strategic Metals UCITS ETF,2026-09-30,-6.96,-16.14,
RENG,L&G Clean Energy UCITS ETF,2026-09-30,-2.27,-2.58,
RIEG,L&G MSCI Europe Select UCITS ETF,2026-09-30,-1.15,-3.26,
RISE,iShares Fallen Angels High Yield Corp Bond UCITS ETF,2026-09-30,-1.48,-2.61,
RMAP,Royal Mint Responsibly Sourced Physical Gold ETC,2026-09-30,-3.07,-7.06,
RNRU,Global X Renewable Energy Producers UCITS ETF,2026-09-30,-3.5,-6.72,
ROBG,L&G ROBO Global Robotics and Automation UCITS ETF,2026-09-30,0.33,1.4,
ROES,Goshawk Global Balanced UCITS ETF,2026-09-30,-0.58,-0.81,
ROLG,iShares Bloomberg Enhanced Roll Yield Commodity Swap UCITS ETF,2026-09-30,-0.88,5.17,
RTWP,L&G Russell 2000 Small CAP Quality UCITS ETF,2026-09-30,-1.1,-3.67,
S100,Invesco FTSE 100 UCITS ETF,2026-09-30,-1.0,-1.89,
S5SD,UBS S&P 500 Scored & Screened UCITS ETF,2026-09-30,0.54,1.02,
SAEG,Schroder Global Equity Active UCITS ETF,2026-09-30,-0.23,1.08,
SAEU,iShares MSCI Europe Screened UCITS ETF,2026-09-30,-1.26,-3.19,
SAGG,iShares Core Global Aggregate Bond UCITS ETF,2026-09-30,-0.91,-0.56,
SAUM,iShares MSCI EMU IMI Screened UCITS ETF,2026-09-30,-0.86,-2.57,
SAUS,iShares MSCI Australia UCITS ETF,2026-09-30,-0.1,-3.36,
SBEG,UBS BBG USD EM Sovereign UCITS ETF,2026-09-30,-2.14,-3.59,
SBEM,UBS BBG USD EM Sovereign UCITS ETF,2026-09-30,-2.13,-1.56,
SBUY,Invesco Global Buyback Achievers UCITS ETF,2026-09-30,-1.07,-2.11,
SDEU,iShares Germany Govt Bond UCITS ETF,2026-09-30,-0.5,-1.51,low volume (median 50/day)
SDG3,Xtrackers MSCI Global SDG 3 Good Health UCITS ETF,2026-09-30,0.54,0.66,low volume (median 81/day)
SDG6,Xtrackers MSCI Global Clean Water & Sanitation UCITS ETF,2026-09-30,-1.57,-3.73,low volume (median 1/day)
SDIP,Global X Superdividend UCITS ETF,2026-09-30,-3.23,-3.88,
SDUE,iShares MSCI Europe Screened UCITS ETF,2026-09-30,-1.18,-3.17,
SE15,iShares EUR Corp Bond 1-5yr UCITS ETF,2026-09-28,-0.5,-0.99,low volume (median 1/day)
SEAG,iShares EUR Aggregate Bond ESG SRI UCITS ETF,2026-09-28,-1.13,-2.06,low volume (median 1/day)
SEAL,Future of US Defence Ucits ETF,2026-09-30,-2.14,-1.8,
SEDY,iShares EM Dividend UCITS ETF,2026-09-30,-0.65,-0.03,
SEGA,iShares Core EUR Govt Bond UCITS ETF,2026-09-30,-0.91,-2.48,
SEGM,iShares MSCI EM IMI Screened UCITS ETF,2026-09-30,-1.94,1.0,
SEMA,iShares MSCI EM UCITS ETF USD Acc,2026-09-30,-1.88,1.19,
SEMB,iShares J.P. Morgan USD EM Bond UCITS ETF,2026-09-30,-2.41,-2.43,
SEMG,Amundi MSCI Semiconductors UCITS ETF,2026-09-30,0.82,8.41,
SEMI,iShares MSCI Global Semiconductors UCITS ETF,2026-09-30,0.99,11.39,
SEML,iShares JP Morgan EM Local Government Bond UCITS ETF,2026-09-30,-0.82,0.0,
SGBX,WisdomTree Physical Swiss Gold,2026-09-30,-3.1,-7.04,
SGIB,Schroder Global Investment Grade Corporate Bond Active UCITS ETF,2026-09-28,-1.66,-2.5,low volume (median 0/day)
SGIL,iShares Global Inflation Linked Govt Bond UCITS ETF,2026-09-30,-1.06,-1.07,
SGJP,iShares MSCI Japan Screened UCITS ETF,2026-09-30,0.9,4.2,
SGLN,iShares Physical Gold ETC,2026-09-30,-3.02,-6.8,
SGLO,iShares Global Govt Bond UCITS ETF,2026-09-30,-0.91,-0.76,
SGLP,Invesco Physical Gold ETC,2026-09-30,,,insufficient history for 1W; insufficient history for 1M
SGLS,Invesco Physical Gold GBP Hedged ETC,2026-09-30,-2.88,-9.03,
SGSU,iShares USD Corp Bond 0-3Yr ESG SRI UCITS ETF,2026-09-30,-0.14,-0.51,
SGWS,iShares MSCI World SRI UCITS ETF,2026-09-30,0.11,-2.16,
SHLG,iShares Digital Security UCITS ETF,2026-09-30,-1.4,3.71,
SHYG,iShares EUR High Yield Corp Bond UCITS ETF,2026-09-30,-1.13,-2.94,
SHYU,iShares USD High Yield Corp Bond UCITS ETF,2026-09-30,-1.37,-0.36,
SILG,Global X Silver Miners UCITS ETF,2026-09-30,-6.37,-12.86,
SJPA,iShares Core MSCI Japan IMI UCITS ETF,2026-09-30,0.54,3.54,
SLXX,iShares Core GBP Corp Bond UCITS ETF,2026-09-30,-0.36,-2.63,
SMEA,iShares Core MSCI Europe UCITS ETF EUR Acc,2026-09-30,-1.14,-3.01,
SMGB,VanEck Semiconductor UCITS ETF,2026-09-30,1.03,11.26,
SMUD,iShares MSCI EMU IMI Screened UCITS ETF,2026-09-30,-0.85,-2.57,
SP20,iShares S&P 500 Top 20 UCITS ETF,2026-09-30,0.42,5.01,
SP5G,Amundi Core S&P 500 Swap UCITS ETF,2026-09-30,-0.04,-0.55,
SP5L,Amundi Core S&P 500 Swap UCITS ETF,2026-09-30,-0.18,1.56,
SPAG,iShares Agribusiness UCITS ETF,2026-09-30,-3.44,-1.95,
SPAP,Invesco Physical Palladium ETC,2026-09-30,-5.12,-15.25,
SPDM,iShares Physical Palladium ETC,2026-09-30,-4.81,-15.2,
SPEP,Invesco S&P 500 Scored & Screened UCITS ETF,2026-09-30,0.52,1.01,
SPES,Invesco S&P 500 Equal Weight UCITS ETF,2026-09-30,-1.26,-3.33,
SPEX,Invesco S&P 500 Equal Weight UCITS ETF,2026-09-30,-1.35,-2.91,
SPGP,iShares Gold Producers UCITS ETF,2026-09-30,-5.93,-11.82,
SPLT,iShares Physical Platinum ETC,2026-09-30,-3.0,-7.92,
SPOG,iShares Oil & Gas Exploration & Production UCITS ETF,2026-09-30,-2.81,-2.18,
SPOL,iShares MSCI Poland UCITS ETF,2026-09-30,-0.2,4.95,
SPPP,Invesco Physical Platinum ETC,2026-09-30,-3.19,-8.0,
SPPY,SS SPDR S&P 500 Leaders UCITS ETF,2026-09-30,0.32,0.8,
SPX4,SS SPDR S&P 400 US Mid Cap UCITS ETF,2026-09-30,-1.72,-2.69,
SPX5,SS SPDR S&P 500 UCITS ETF,2026-09-30,-0.2,1.37,
SPXJ,iShares III plc - iShares MSCI Pacific ex-Japan UCITS ETF,2026-09-30,-0.37,-2.44,
SPXL,SS SPDR S&P 500 UCITS ETF,2026-09-30,-0.17,1.62,
SPXP,Invesco S&P 500 UCITS ETF,2026-09-30,-0.24,1.55,
SRHE,Amundi MSCI EMU SRI Climate Paris Aligned ETF,2026-09-30,-1.04,-2.65,low volume (median 90/day)
SRIU,UBS MSCI USA Socially Responsible UCITS ETF,2026-09-30,-0.37,0.5,
SRIW,UBS MSCI World Socially Responsible UCITS ETF,2026-09-30,-0.3,1.01,
SRSA,iShares MSCI South Africa UCITS ETF,2026-09-30,-3.29,-8.47,
SRUG,UBS MSCI USA Socially Responsible UCITS ETF,2026-09-30,-0.21,-1.55,
SSAC,iShares MSCI All Country World UCITS ETF,2026-09-30,-0.65,0.63,
SSHY,PIMCO Advantage US Short-Term High Yield Corporate Bond UCITS ETF,2026-09-30,-0.93,-0.21,
SSLN,iShares Physical Silver ETC,2026-09-30,-6.65,-10.96,
STHS,PIMCO Advantage US Short-Term High Yield Corporate Bond UCITS ETF,2026-09-30,-0.82,-2.62,
SUAG,iShares US Aggregate Bond UCITS ETF,2026-09-30,-1.21,-0.83,
SUAP,iShares MSCI USA SRI UCITS ETF,2026-09-30,0.23,-2.25,low volume (median 51/day)
SUES,iShares MSCI EM SRI UCITS ETF,2026-09-30,-0.59,1.31,
SUJA,iShares IV Public Limited Company - iShares MSCI Japan SRI UCITS ETF USD,2026-09-30,0.35,2.92,
SUKC,SS SPDR Bloomberg 0-5 Year Sterling Corporate Bond UCITS ETF,2026-09-30,-0.02,-0.61,
SUOG,iShares EUR Corp Bond ESG SRI UCITS ETF,2026-09-30,0.06,-1.31,
SUOP,iShares USD Corp Bond ESG SRI UCITS ETF,2026-09-30,-1.4,-3.07,
SUSS,iShares EUR Corp Bond 0-3yr ESG SRI UCITS ETF,2026-09-30,-0.32,-0.34,
SUUS,iShares MSCI USA SRI UCITS ETF,2026-09-30,0.06,-0.21,
SUWG,iShares MSCI World SRI UCITS ETF,2026-09-30,-0.12,-0.64,
SWDA,iShares Core MSCI World UCITS ETF,2026-09-30,-0.4,0.73,
SWLD,SS SPDR MSCI World UCITS ETF,2026-09-30,-0.44,0.69,
SWLH,SS SPDR MSCI World UCITS ETF,2026-09-30,-0.13,-1.11,
SX5S,Invesco EURO STOXX 50 UCITS ETF,2026-09-30,-0.79,-3.3,
T10G,UBS BBG TIPS 10+ UCITS ETF,2026-09-30,-3.77,-7.22,
T3PM,JPMorgan Climate Change Solutions Active UCITS ETF,2026-09-30,-1.11,-1.09,
TDGB,VanEck Morningstar Developed Markets Dividend Leaders UCITS ETF,2026-09-30,-1.04,-2.33,
TECW,SS SPDR MSCI World Technology UCITS ETF,2026-09-30,0.99,5.99,
TEGB,VanEck European Equal Weight Screened UCITS ETF,2026-09-28,-1.18,-3.8,low volume (median 1/day)
TFRP,WisdomTree USD Floating Rate Treasury Bond UCITS ETF,2026-09-30,-0.05,2.53,
TI5G,iShares II plc - iShares USD Tips 0-5 UCITS ETF,2026-09-30,0.04,-0.92,
TIPH,Amundi US TIPS UCITS ETF,2026-09-30,-0.99,-3.03,
TP05,iShares II plc - iShares USD Tips 0-5 UCITS ETF,2026-09-30,-0.16,1.18,
TR7G,Invesco US Treasury 3-7 Year UCITS ETF,2026-09-30,-0.48,-1.09,low volume (median 7/day)
TR7S,Invesco US Treasury 3-7 Year UCITS ETF,2026-09-30,-0.33,-3.17,
TREG,VanEck Global Real Estate UCITS ETF,2026-09-30,-1.42,-4.92,
TRGB,Invesco US Treasury Bond UCITS ETF,2026-09-30,-0.88,-3.58,
TRIP,US Global Investors Travel UCITS ETF,2026-09-30,1.87,-3.14,
TRSG,Invesco US Treasury Bond UCITS ETF,2026-09-30,-0.97,-1.47,low volume (median 16/day)
TRXG,Invesco US Treasury 7-10 Year UCITS ETF,2026-09-30,-1.27,-2.64,
TRXS,Invesco US Treasury 7-10 Year UCITS ETF,2026-09-30,-1.18,-4.66,
TSGB,VanEck World Equal Weight Screened UCITS ETF,2026-09-30,-0.56,-0.71,
U37G,Amundi US Treasury Bond 3-7Y UCITS ETF,2026-09-28,-0.11,-99.0,low volume (median 0/day); possible pence/pound unit error (~100x daily jump)
UB02,UBS Core MSCI Japan UCITS ETF,2026-09-30,0.8,4.02,
UB06,UBS Core MSCI EMU UCITS ETF,2026-09-30,-0.91,-2.74,
UB0D,UBS Core MSCI Japan UCITS ETF,2026-09-30,0.42,0.33,
UB12,UBS Core MSCI Europe UCITS ETF,2026-09-30,-1.19,-3.07,
UB20,UBS MSCI Pacific ex Japan UCITS ETF,2026-09-30,-0.39,-2.51,
UB23,UBS MSCI Canada UCITS ETF,2026-09-30,-2.26,-3.17,
UB32,UBS Core MSCI EM UCITS ETF,2026-09-30,-1.72,1.44,
UB39,UBS MSCI EMU Socially Responsible UCITS ETF,2026-09-30,-1.17,-2.94,
UB45,UBS MSCI Pacific Socially Responsible UCITS ETF,2026-09-30,1.36,2.24,
UB82,UBS Core BBG US Treasury 1-10 UCITS ETF,2026-09-28,0.13,0.54,
UBTP,UBS Core BBG TIPS 1-10 UCITS ETF,2026-09-30,-0.41,-2.3,
UC04,UBS Core MSCI USA UCITS ETF,2026-09-30,-0.24,1.55,
UC07,UBS MSCI USA Value UCITS ETF,2026-09-30,-0.86,0.23,
UC13,UBS Core S&P 500 UCITS ETF,2026-09-30,-0.2,1.56,
UC15,UBS CMCI Composite SF UCITS ETF,2026-09-30,-0.85,3.52,
UC44,UBS MSCI World Socially Responsible UCITS ETF/Lux,2026-09-30,-0.32,1.01,
UC46,UBS MSCI USA Socially Responsible UCITS ETF/Lux,2026-09-30,-0.33,0.51,
UC55,UBS MSCI World UCITS ETF,2026-09-30,-0.4,0.67,low volume (median 0/day)
UC64,UBS MSCI United Kingdom UCITS ETF,2026-09-30,-1.08,-1.65,
UC79,UBS MSCI EM Socially Responsible UCITS ETF,2026-09-30,-1.52,1.98,
UC81,UBS BBG US Liquid Corp 1-5 UCITS ETF,2026-09-28,-0.02,0.6,
UC82,UBS BBG US Liquid Corp 1-5 UCITS ETF,2026-09-30,-0.35,-1.49,
UC87,UBS MSCI Canada UCITS ETF,2026-09-30,-1.4,-2.99,
UC90,UBS CMCI Composite SF UCITS ETF,2026-09-28,-0.46,1.38,low volume (median 2/day)
UC94,UBS MSCI Switzerland 20/35 UCITS ETF,2026-09-30,-0.61,-2.99,
UC98,UBS BBG MSCI US Liquid Corp Sustainable UCITS ETF,2026-09-30,-1.5,-1.01,low volume (median 9/day)
UC99,UBS Factor MSCI USA Quality Screened UCITS ETF,2026-09-30,1.08,0.79,
UD06,UBS BBG Commodity CMCI SF UCITS ETF,2026-09-30,-0.83,0.88,low volume (median 1/day)
UD07,UBS BBG Commodity CMCI SF UCITS ETF,2026-09-30,-0.82,3.13,low volume (median 2/day)
UESD,iShares GBP UltraShort Bond ESG SRI UCITS ETF,2026-09-30,0.06,-0.69,
UGRW,WisdomTree UK Quality Dividend Growth UCITS ETF,2026-09-30,-0.39,-2.32,
UIFS,iShares S&P 500 Financials Sector UCITS ETF USD ACC,2026-09-30,-1.86,-5.48,
UKDV,SS SPDR S&P UK Dividend Aristocrats UCITS ETF,2026-09-30,-0.29,-5.44,
UKG5,L&G UK Gilt 0-5 Year UCITS ETF,2026-09-30,0.1,-0.39,
UKRE,iShares MSCI Target UK Real Estate UCITS ETF,2026-09-30,-0.33,-3.22,
UKSR,UBS MSCI United Kingdom IMI Socially Responsible UCITS ETF,2026-09-30,-0.69,-3.07,
URJP,Sprott Junior Uranium Miners UCITS ETF,2026-09-30,-8.52,-19.77,
URNG,Global X Uranium UCITS ETF,2026-09-30,-4.96,-11.68,
URNP,Sprott Uranium Miners UCITS ETF,2026-09-30,-7.38,-15.29,
USDV,SS SPDR S&P US Dividend Aristocrats UCITS ETF,2026-09-30,-1.43,-4.2,
USEE,iShares US Equity Enhanced Active UCITS ETF,2026-09-30,-0.07,1.52,
UVNG,Rize USA Environmental Impact UCITS ETF,2026-09-30,-3.76,-4.51,low volume (median 9/day)
V3AB,Vanguard ESG Global All Cap UCITS ETF,2026-09-30,-0.33,1.04,
V3AM,Vanguard ESG Global All Cap UCITS ETF,2026-09-30,-0.44,0.76,
V3EA,Vanguard ESG Developed Europe All Cap UCITS ETF,2026-09-30,-1.0,-3.26,
V3GP,Vanguard ESG Global Corporate Bond UCITS ESG,2026-09-30,-0.81,-2.47,
V3GS,Vanguard ESG Global Corporate Bond UCITS ESG,2026-09-30,-0.63,-2.33,
V3NB,Vanguard ESG North America All Cap UCITS ETF,2026-09-30,-0.23,1.35,
V3PB,Vanguard ESG Developed Asia-Pacific All Cap UCITS ETF,2026-09-30,0.13,2.83,
VAGP,Vanguard Global Aggregate Bond UCITS ETF,2026-09-30,-0.76,-2.43,
VAGS,Vanguard Global Aggregate Bond UCITS ETF,2026-09-30,-0.85,-2.39,
VALL,Vanguard FTSE Global All-Cap UCITS ETF,2026-09-30,-0.74,0.28,
VALW,SS SPDR MSCI World Value UCITS ETF,2026-09-30,-1.22,-0.07,
VAPX,Vanguard FTSE Developed Asia Pacific ex Japan UCITS ETF,2026-09-30,-1.42,0.13,
VCPA,Vanguard USD Corporate Bond UCITS ETF,2026-09-30,-1.66,-0.9,
VDPG,Vanguard FTSE Developed Asia Pacific ex Japan UCITS ETF,2026-09-30,-1.35,0.9,
VECA,Vanguard EUR Corporate Bond UCITS ETF,2026-09-30,-0.45,-1.52,
VECP,Vanguard EUR Corporate Bond UCITS ETF,2026-09-30,-0.45,-1.8,
VEMA,Vanguard USD Emerging Markets Government Bond UCITS ETF,2026-09-30,-1.81,-1.46,
VEMT,Vanguard USD Emerging Markets Government Bond UCITS ETF,2026-09-30,-2.03,-1.69,
VERG,Vanguard FTSE Developed Europe ex UK UCITS ETF,2026-09-30,-1.22,-3.54,
VERX,Vanguard FTSE Developed Europe ex UK UCITS ETF,2026-09-30,-1.19,-3.69,
VETA,Vanguard EUR Eurozone Government Bond UCITS ETF,2026-09-30,-0.87,-2.44,
VETY,Vanguard EUR Eurozone Government Bond UCITS ETF,2026-09-30,-0.87,-2.68,
VEUA,Vanguard FTSE Developed Europe UCITS ETF,2026-09-30,-1.19,-3.09,
VEUR,Vanguard FTSE Developed Europe UCITS ETF,2026-09-30,-1.2,-3.47,
VEVE,Vanguard FTSE Developed World UCITS ETF,2026-09-30,-0.45,0.63,
VFEG,Vanguard FTSE Emerging Markets UCITS ETF,2026-09-30,-1.58,-0.2,
VFEM,Vanguard FTSE Emerging Markets UCITS ETF,2026-09-30,-1.66,-0.88,
VGER,Vanguard Germany All Cap UCITS ETF,2026-09-30,-1.32,-5.28,
VGGS,Vanguard Global Government Bond UCITS ETF,2026-09-30,-0.66,-2.15,
VGOV,Vanguard U.K. Gilt UCITS ETF,2026-09-30,-0.57,-1.81,
VGVA,Vanguard U.K. Gilt UCITS ETF,2026-09-30,-0.58,-1.42,
VHVG,Vanguard FTSE Developed World UCITS ETF,2026-09-30,-0.51,0.82,
VHYG,Vanguard FTSE All-World High Dividend Yield UCITS ETF,2026-09-30,-1.25,-1.46,
VHYL,Vanguard FTSE All-World High Dividend Yield UCITS ETF,2026-09-30,-1.25,-1.89,
VJPB,Vanguard FTSE Japan UCITS ETF,2026-09-30,0.76,3.72,
VJPN,Vanguard FTSE Japan UCITS ETF,2026-09-30,0.68,3.48,
VMID,Vanguard FTSE 250 UCITS ETF,2026-09-30,0.76,-2.66,
VMIG,Vanguard FTSE 250 UCITS ETF,2026-09-30,0.61,-1.59,
VNRG,Vanguard FTSE North America UCITS ETF,2026-09-30,-0.31,1.38,
VNRT,Vanguard FTSE North America UCITS ETF,2026-09-30,-0.27,1.2,
VPNG,Global X Data Center REITs & Digital Infrastructure UCITS ETF,2026-09-30,-4.04,-2.12,
VSCA,Vanguard USD Corporate 1-3 Year Bond UCITS ETF,2026-09-30,-0.24,1.41,
VUAG,Vanguard S&P 500 UCITS ETF,2026-09-30,-0.2,1.61,
VUCP,Vanguard USD Corporate Bond UCITS ETF,2026-09-30,-1.38,-1.18,
VUKE,Vanguard FTSE 100 UCITS ETF,2026-09-30,-1.02,-2.66,
VUKG,Vanguard FTSE 100 UCITS ETF,2026-09-30,-1.02,-1.87,
VUSA,Vanguard S&P 500 UCITS ETF,2026-09-30,-0.18,1.4,
VUSC,Vanguard USD Corporate 1-3 Year Bond UCITS ETF,2026-09-30,-0.23,1.07,
VUTA,Vanguard USD Treasury Bond UCITS ETF,2026-09-30,-0.99,-0.4,
VUTY,Vanguard USD Treasury Bond UCITS ETF,2026-09-30,-1.02,-0.73,
VWRL,Vanguard FTSE All-World UCITS ETF,2026-09-30,-0.57,0.41,
VWRP,Vanguard FTSE All-World UCITS ETF,2026-09-30,-0.55,0.72,
WATL,Amundi MSCI Water UCITS ETF,2026-09-30,-1.26,-2.02,
WBIO,Wisdomtree Biorevolution UCITS ETF,2026-09-30,2.21,5.16,
WCOB,Wisdomtree Enhanced Commodity UCITS ETF,2026-09-30,-1.36,4.47,
WCOG,Wisdomtree Enhanced Commodity UCITS ETF,2026-09-30,-1.56,4.48,
WCOM,Wisdomtree Enhanced Commodity UCITS ETF,2026-09-30,-1.36,2.19,
WDEP,WisdomTree Europe Defence UCITS ETF,2026-09-30,-4.22,-6.94,
WELP,HARBOR HEALTH CARE UCITS ETF,2026-09-30,1.08,-0.08,
WEXU,Amundi MSCI World Ex USA UCITS ETF,2026-09-30,-0.82,-1.36,
WGEC,WisdomTree Global Efficient Core UCITS ETF,2026-09-30,-0.31,-1.06,
WHCA,iShares MSCI World Health Care Sector Advanced UCITS ETF,2026-09-30,0.19,0.41,
WIGG,iShares Fallen Angels High Yield Corp Bond UCITS ETF,2026-09-30,-1.32,-4.06,
WINC,iShares World Equity High Income Active UCITS ETF,2026-09-30,-0.16,0.11,
WIRG,Xtrackers Electrification Technologies & Smart Grid UCITS ETF,2026-09-30,-1.64,-0.41,
WITS,iShares MSCI World Information Technology Sector Advanced UCITS ETF,2026-09-30,1.43,5.32,
WLDL,Amundi MSCI World Swap II UCITS ETF,2026-09-30,-0.37,0.7,
WLDS,Ishares III PLC - Ishares Msci World Small Cap UCITS ETF,2026-09-30,-1.36,-2.45,
WMGG,WisdomTree Megatrends UCITS ETF,2026-09-30,-1.76,-0.32,
WMVG,iShares Edge MSCI World Minimum Volatility UCITS ETF,2026-09-30,-0.83,-3.28,
WOEE,iShares World Equity Enhanced Active UCITS ETF,2026-09-30,-0.27,1.0,
WOOD,iShares Global Timber & Forestry UCITS ETF,2026-09-30,-4.98,-4.38,
WOSC,SS SPDR MSCI World Small Cap UCITS ETF,2026-09-30,-1.23,-2.36,
WQDS,iShares MSCI World Quality Dividend Advanced UCITS ETF,2026-09-30,-0.24,-0.75,
WRDA,UBS Core MSCI World UCITS ETF,2026-09-30,-0.36,0.68,
WRDD,UBS Core MSCI World UCITS ETF,2026-09-30,-0.36,0.7,
WRDG,UBS Core MSCI World UCITS ETF,2026-09-30,-0.19,-0.99,
WREE,Wisdomtree Strategic Metals and Rare Earths Miners UCITS ETF,2026-09-30,-4.07,-10.8,
WREN,WisdomTree Renewable Energy UCITS ETF,2026-09-30,-2.35,-3.3,
WSIL,WisdomTree Core Physical Silver,2026-09-30,-6.66,-11.1,
WTEF,WisdomTree US Efficient Core UCITS ETF,2026-09-30,-0.75,1.03,low volume (median 55/day)
WTNR,WisdomTree New Economy Real Estate UCITS ETF,2026-09-30,-4.76,-3.45,
X7PP,Invesco STOXX Europe 600 Optimised Banks UCITS ETF,2026-09-30,-1.35,-1.27,
XAIX,Xtrackers Artificial Intelligence & Big Data UCITS ETF,2026-09-30,-0.97,5.49,
XASX,Xtrackers MSCI UK ESG UCITS ETF,2026-09-30,-1.2,-3.51,
XAUS,Xtrackers S&P ASX 200 UCITS ETF,2026-09-30,-0.61,-3.83,
XCO2,Amundi Global Aggregate Proceeds Bond 1-10Y,2026-09-30,-0.59,-1.47,low volume (median 78/day)
XCX5,Xtrackers MSCI India Swap UCITS ETF,2026-09-30,-3.74,-4.84,
XCX6,Xtrackers MSCI China UCITS ETF,2026-09-30,-1.88,-3.23,
XD3E,Xtrackers Euro Stoxx Quality Dividend UCITS ETF,2026-09-30,-2.03,-3.64,
XD5E,Xtrackers MSCI EMU UCITS ETF,2026-09-30,-0.91,-2.81,
XD5S,Xtrackers MSCI EMU UCITS ETF,2026-09-30,-0.39,-2.6,
XDAX,Xtrackers DAX UCITS ETF,2026-09-30,-1.28,-5.16,
XDBG,Xtrackers Bloomberg Commodity ex-Agriculture & Livestock Swap UCITS ETF,2026-09-30,-1.72,0.95,low volume (median 6/day)
XDDX,Xtrackers DAX ESG Screened UCITS ETF,2026-09-30,-1.02,-5.02,
XDEB,Xtrackers MSCI World Minimum Volatility UCITS ETF,2026-09-30,-0.97,-1.52,
XDEM,Xtrackers MSCI World Momentum UCITS ETF,2026-09-30,0.37,5.71,
XDEQ,Xtrackers MSCI World Quality UCITS ETF,2026-09-30,0.22,0.73,
XDEV,Xtrackers MSCI World Value UCITS ETF,2026-09-30,-1.31,1.63,
XDJP,Xtrackers Nikkei 225 UCITS ETF,2026-09-30,2.76,5.77,
XDN0,Xtrackers MSCI Nordic UCITS ETF,2026-09-30,-2.05,-4.49,
XDPG,Xtrackers S&P 500 UCITS ETF,2026-09-30,-0.02,-0.48,
XDUS,Xtrackers MSCI USA UCITS ETF,2026-09-30,-0.22,1.59,
XDWE,Xtrackers S&P 500 Equal Weight UCITS ETF,2026-09-30,-1.38,-3.06,
XDWG,Xtrackers MSCI World UCITS ETF,2026-09-30,-0.22,-1.04,
XDWP,Xtrackers MSCI World UCITS ETF,2026-09-30,-0.39,0.68,
XESC,Xtrackers Euro Stoxx 50 UCITS ETF,2026-09-30,-0.99,-3.4,
XESE,Xtrackers MSCI Emerging Markets ESG UCITS ETF,2026-09-28,-1.56,1.32,
XESJ,Xtrackers MSCI Japan ESG UCITS ETF,2026-09-30,1.2,4.19,low volume (median 12/day)
XESU,Xtrackers MSCI USA ESG UCITS ETF,2026-09-30,0.01,1.08,
XESW,Xtrackers MSCI World ESG UCITS ETF,2026-09-30,-0.01,0.54,
XESX,Xtrackers Euro Stoxx 50 UCITS ETF,2026-09-30,-0.91,-3.31,
XFVT,Xtrackers Vietnam Swap UCITS ETF,2026-09-30,-2.97,-4.1,
XG7S,Xtrackers II Global Government Bond UCITS ETF,2026-09-30,-0.75,-0.69,low volume (median 2/day)
XGDP,Xtrackers IE Physical Gold ETC Securities,2026-09-30,-3.09,-7.04,
XGIG,Xtrackers II Global Inflation-Linked Bond UCITS ETF,2026-09-30,-0.79,-2.22,
XGIU,Xtrackers II Global Inflation-Linked Bond UCITS ETF,2026-09-28,-0.99,-0.9,low volume (median 2/day)
XGSD,Xtrackers Stoxx Global Select Dividend 100 Swap UCITS ETF,2026-09-30,-1.14,-1.88,
XGSG,Xtrackers II Global Government Bond UCITS ETF,2026-09-30,-0.54,-2.03,
XLCP,Invesco Communications S&P US Select Sector UCITS ETF,2026-09-30,-1.16,1.08,
XLEP,Invesco Energy S&P US Select Sector UCITS ETF,2026-09-30,-1.34,1.99,
XLKQ,Invesco Technology S&P US Select Sector UCITS ETF,2026-09-30,0.95,6.28,
XLPE,Xtrackers LPX Private Equity Swap UCITS ETF,2026-09-30,-2.81,-10.61,
XLUP,Invesco Utilities S&P US Select Sector UCITS ETF,2026-09-30,-0.7,-5.41,
XLYP,Invesco Consumer Discretionary S&P US Select Sector UCITS ETF,2026-09-28,-1.5,-4.93,low volume (median 10/day)
XMAW,Xtrackers MSCI AC World Screened UCITS ETF,2026-09-30,-0.43,0.9,
XMCX,Xtrackers FTSE 250 UCITS ETF,2026-09-30,0.42,-1.7,
XMEM,Xtrackers MSCI Emerging Markets Swap UCITS ETF,2026-09-30,-1.78,1.01,
XMEU,Xtrackers MSCI Europe UCITS ETF,2026-09-30,-1.2,-3.01,
XMJP,Xtrackers MSCI Japan UCITS ETF,2026-09-30,0.78,4.01,
XMMS,Xtrackers MSCI Emerging Markets UCITS ETF,2026-09-30,-1.78,1.09,
XMOV,Xtrackers Future Mobility UCITS ETF,2026-09-30,-2.56,-0.55,low volume (median 9/day)
XMUS,Xtrackers MSCI USA Swap UCITS ETF,2026-09-30,-0.25,1.48,
XMWX,Xtrackers MSCI World ex USA UCITS ETF,2026-09-30,-0.81,-1.46,
XNAQ,Xtrackers NASDAQ 100 UCITS ETF,2026-09-30,0.21,5.21,
XNGS,Xtrackers MSCI Next Generation Internet Innovation UCITS ETF,2026-09-30,-0.78,5.51,low volume (median 44/day)
XNIF,Xtrackers Nifty 50 Swap UCITS ETF,2026-09-30,-3.58,-5.21,low volume (median 96/day)
XREP,Invesco Real Estate S&P US Select Sector UCITS ETF,2026-09-30,-2.26,-5.05,
XRSG,Xtrackers Russell 2000 UCITS ETF,2026-09-30,-1.44,-3.83,
XS6R,Xtrackers MSCI Europe Utilities UCITS ETF,2026-09-30,-0.43,-2.06,
XSCS,Xtrackers MSCI USA Consumer Staples UCITS ETF,2026-09-30,-1.07,-0.25,
XSFN,Xtrackers MSCI USA Financials UCITS ETF,2026-09-30,-1.91,-5.91,
XSHC,Xtrackers MSCI USA Health Care UCITS ETF,2026-09-30,0.77,2.05,
XSPX,Xtrackers S&P 500 Swap UCITS ETF,2026-09-30,-0.18,1.55,
XSTC,Xtrackers MSCI USA Information Technology UCITS ETF,2026-09-30,0.85,6.31,
XSTR,Xtrackers II GBP Overnight Rate Swap UCITS ETF,2026-09-30,0.11,0.32,
XSX6,Xtrackers Stoxx Europe 600 UCITS ETF,2026-09-30,-1.14,-3.11,
XSXG,Xtrackers S&P 500 Swap UCITS ETF,2026-09-30,-0.17,1.57,
XUCN,Xtrackers MSCI USA Communication Services UCITS ETF,2026-09-28,-1.84,1.9,
XUEK,Xtrackers S&P Europe ex UK UCITS ETF,2026-09-30,-1.15,-3.46,
XUFB,Xtrackers MSCI USA Banks UCITS ETF,2026-09-30,-1.86,-5.24,
XUHG,Xtrackers USD High Yield Corporate Bond UCITS ETF,2026-09-30,-1.42,-3.01,low volume (median 32/day)
XUKX,Xtrackers FTSE 100 Income UCITS ETF,2026-09-30,-0.91,-1.8,
XUSE,iShares MSCI World ex-USA UCITS ETF,2026-09-30,-0.87,-1.53,
XUSW,Xtrackers MSCI USA Swap UCITS ETF,2026-09-30,-0.25,1.52,
XWCS,Xtrackers MSCI World Consumer Staples UCITS ETF,2026-09-30,-1.06,-1.17,
XWFS,Xtrackers MSCI World Financials UCITS ETF,2026-09-30,-1.38,-3.69,
XWHS,Xtrackers MSCI World Health Care UCITS ETF,2026-09-30,0.18,0.66,
XWLD,Xtrackers MSCI World UCITS ETF,2026-09-30,-0.39,0.66,
XWOS,Xtrackers MSCI World Swap UCITS ETF,2026-09-30,-0.36,0.78,
XWQS,Xtrackers MSCI World Quality ESG UCITS ETF,2026-09-30,0.27,-0.29,
XWUS,Xtrackers MSCI World Utilities UCITS ETF,2026-09-30,-0.87,-4.18,
XXSC,Xtrackers MSCI Europe Small Cap UCITS ETF,2026-09-30,-1.13,-3.07,
XXTW,Xtrackers MSCI World Information Technology UCITS ETF,2026-09-30,1.07,6.17,
XYLP,Global X S&P 500 Covered Call UCITS ETF,2026-09-30,2.82,2.26,
XZES,Xtrackers S&P 500 Equal Weight Scored & Screened UCITS ETF,2026-09-30,-1.23,-2.96,
XZEU,Xtrackers MSCI Europe ESG UCITS ETF,2026-09-30,-0.66,-2.95,
